,Timestamp,Timestamp2,Timestamp3,Latitude,Longitude,obuId,seg,vel,isStandStill
8,24.07.2019 17:30:33,2019-07-24 17:30:33,1563989433,50.8551825133776,4.31427955624614,0000039D48200BA,111,6.84,N/A
44,24.07.2019 17:30:43,2019-07-24 17:30:43,1563989443,50.85535417477502,4.314579963655806,0000039D48200BA,112,6.12,N/A
45,24.07.2019 17:30:57,2019-07-24 17:30:57,1563989457,50.855622395708494,4.3145155906394494,0000039D48200BA,112,11.16,N/A
69,24.07.2019 17:31:10,2019-07-24 17:31:10,1563989470,50.855954989666,4.313678741426808,0000039D48200BA,113,16.92,N/A
89,24.07.2019 17:31:29,2019-07-24 17:31:29,1563989489,50.85644851618359,4.312455654116025,0000039D48200BA,114,23.04,N/A
90,24.07.2019 17:31:42,2019-07-24 17:31:42,1563989502,50.85697422921321,4.311211109133123,0000039D48200BA,115,23.04,N/A
118,24.07.2019 17:31:48,2019-07-24 17:31:48,1563989508,50.857070788749255,4.310975074739814,0000039D48200BA,116,6.12,N/A
119,24.07.2019 17:32:05,2019-07-24 17:32:05,1563989525,50.857457026893464,4.310224056215649,0000039D48200BA,116,16.92,N/A
151,24.07.2019 17:32:16,2019-07-24 17:32:16,1563989536,50.858175858995175,4.311082363100409,0000039D48200BA,117,29.88,N/A
152,24.07.2019 17:32:26,2019-07-24 17:32:26,1563989546,50.858572825976715,4.311661720247622,0000039D48200BA,117,6.12,N/A
191,24.07.2019 17:33:15,2019-07-24 17:33:15,1563989595,50.85864792783809,4.311747550936098,0000039D48200BA,118,15.12,N/A
192,24.07.2019 17:33:24,2019-07-24 17:33:24,1563989604,50.858819589235516,4.312176704378478,0000039D48200BA,118,15.84,N/A
217,24.07.2019 17:33:42,2019-07-24 17:33:42,1563989622,50.85864792783809,4.313528537721975,0000039D48200BA,119,21.96,N/A
240,24.07.2019 17:33:59,2019-07-24 17:33:59,1563989639,50.85844407992865,4.31494474408183,0000039D48200BA,120,24.84,N/A
278,24.07.2019 17:34:13,2019-07-24 17:34:13,1563989653,50.85819731666985,4.316318035097445,0000039D48200BA,121,29.16,N/A
279,24.07.2019 17:34:15,2019-07-24 17:34:15,1563989655,50.85818658783252,4.3164253234580405,0000039D48200BA,122,29.16,N/A
280,24.07.2019 17:34:28,2019-07-24 17:34:28,1563989668,50.85802565527243,4.31751966473611,0000039D48200BA,122,6.84,N/A
305,24.07.2019 17:35:12,2019-07-24 17:35:12,1563989712,50.857972011085735,4.3177771568015375,0000039D48200BA,123,15.12,N/A
331,24.07.2019 17:35:25,2019-07-24 17:35:25,1563989725,50.857725247826934,4.319236278505629,0000039D48200BA,124,20.88,N/A
354,24.07.2019 17:35:43,2019-07-24 17:35:43,1563989743,50.85749994224282,4.320631027193365,0000039D48200BA,125,24.84,N/A
387,24.07.2019 17:35:56,2019-07-24 17:35:56,1563989756,50.85733900968273,4.322197437258051,0000039D48200BA,126,33.12,N/A
388,24.07.2019 17:36:08,2019-07-24 17:36:08,1563989768,50.85719953479733,4.323549270601548,0000039D48200BA,126,28.08,N/A
416,24.07.2019 17:36:18,2019-07-24 17:36:18,1563989778,50.85710297526127,4.324536323519022,0000039D48200BA,127,0.0,N/A
430,24.07.2019 17:37:16,2019-07-24 17:37:16,1563989836,50.8570815175866,4.324643611879617,0000039D48200BA,128,18.0,N/A
452,24.07.2019 17:37:21,2019-07-24 17:37:21,1563989841,50.85703860223724,4.324922561617164,0000039D48200BA,129,28.08,N/A
453,24.07.2019 17:37:29,2019-07-24 17:37:29,1563989849,50.856802567815784,4.326424598665494,0000039D48200BA,129,37.08,N/A
482,24.07.2019 17:37:39,2019-07-24 17:37:39,1563989859,50.85677038130377,4.327883720369586,0000039D48200BA,130,38.88,N/A
483,24.07.2019 17:37:50,2019-07-24 17:37:50,1563989870,50.856856212002484,4.329385757417916,0000039D48200BA,130,30.96,N/A
522,24.07.2019 17:38:03,2019-07-24 17:38:03,1563989883,50.85702787339991,4.3307805061056515,0000039D48200BA,131,19.08,N/A
549,24.07.2019 17:38:23,2019-07-24 17:38:23,1563989903,50.8570815175866,4.331746101351007,0000039D48200BA,132,6.84,N/A
568,24.07.2019 17:38:47,2019-07-24 17:38:47,1563989927,50.85709224642394,4.332711696596362,0000039D48200BA,133,15.12,N/A
594,24.07.2019 17:39:03,2019-07-24 17:39:03,1563989943,50.85703860223724,4.333698749513835,0000039D48200BA,134,19.08,N/A
595,24.07.2019 17:39:08,2019-07-24 17:39:08,1563989948,50.856877669677154,4.333934783907144,0000039D48200BA,134,3.96,N/A
622,24.07.2019 17:39:28,2019-07-24 17:39:28,1563989968,50.85642705850892,4.334535598726476,0000039D48200BA,135,20.16,N/A
623,24.07.2019 17:39:38,2019-07-24 17:39:38,1563989978,50.85607300687673,4.334943294496737,0000039D48200BA,135,6.84,N/A
648,24.07.2019 17:39:59,2019-07-24 17:39:59,1563989999,50.85565458222051,4.335415363283355,0000039D48200BA,136,11.16,N/A
667,24.07.2019 17:40:20,2019-07-24 17:40:20,1563990020,50.855150326865584,4.335758686037259,0000039D48200BA,137,18.0,N/A
690,24.07.2019 17:40:35,2019-07-24 17:40:35,1563990035,50.85464607151064,4.336187839479639,0000039D48200BA,138,11.88,N/A
746,24.07.2019 17:41:35,2019-07-24 17:41:35,1563990095,50.85422764685442,4.336702823610495,0000039D48200BA,139,18.0,N/A
767,24.07.2019 17:41:48,2019-07-24 17:41:48,1563990108,50.8536161031261,4.337475299806779,0000039D48200BA,140,23.04,N/A
768,24.07.2019 17:41:59,2019-07-24 17:41:59,1563990119,50.85348735707803,4.338655471773325,0000039D48200BA,140,24.12,N/A
808,24.07.2019 17:42:13,2019-07-24 17:42:13,1563990133,50.85336933986731,4.339878559084108,0000039D48200BA,141,11.88,N/A
846,24.07.2019 17:43:01,2019-07-24 17:43:01,1563990181,50.853251322656575,4.341015815706414,0000039D48200BA,142,0.0,N/A
880,24.07.2019 17:43:11,2019-07-24 17:43:11,1563990191,50.85316549195787,4.341530799837271,0000039D48200BA,143,20.16,N/A
881,24.07.2019 17:43:21,2019-07-24 17:43:21,1563990201,50.85360537428876,4.341981410951769,0000039D48200BA,143,11.16,N/A
930,24.07.2019 17:43:57,2019-07-24 17:43:57,1563990237,50.854377850577166,4.342668056459577,0000039D48200BA,144,19.08,N/A
931,24.07.2019 17:44:04,2019-07-24 17:44:04,1563990244,50.85461388499863,4.342882633180767,0000039D48200BA,144,6.12,N/A
951,24.07.2019 17:44:24,2019-07-24 17:44:24,1563990264,50.85494647895613,4.343204498262552,0000039D48200BA,145,30.96,N/A
983,24.07.2019 17:44:35,2019-07-24 17:44:35,1563990275,50.855493649660424,4.343762397737646,0000039D48200BA,146,6.84,N/A
998,24.07.2019 17:45:00,2019-07-24 17:45:00,1563990300,50.855611666871155,4.343869686098241,0000039D48200BA,147,16.92,N/A
1025,24.07.2019 17:45:14,2019-07-24 17:45:14,1563990314,50.856416329671575,4.344642162294526,0000039D48200BA,148,33.84,N/A
1026,24.07.2019 17:45:26,2019-07-24 17:45:26,1563990326,50.85723172130935,4.3454146384908094,0000039D48200BA,148,32.04,N/A
1063,24.07.2019 17:45:35,2019-07-24 17:45:35,1563990335,50.857639417128226,4.3458223342610705,0000039D48200BA,149,6.84,N/A
1084,24.07.2019 17:46:40,2019-07-24 17:46:40,1563990400,50.85778962085097,4.345929622621665,0000039D48200BA,150,18.0,N/A
1085,24.07.2019 17:46:49,2019-07-24 17:46:49,1563990409,50.85819731666985,4.346444606752521,0000039D48200BA,150,11.88,N/A
1121,24.07.2019 17:46:56,2019-07-24 17:46:56,1563990416,50.85827241853123,4.346745014162187,0000039D48200BA,151,16.92,N/A
1122,24.07.2019 17:47:01,2019-07-24 17:47:01,1563990421,50.8582938762059,4.346981048555496,0000039D48200BA,151,10.08,N/A
1141,24.07.2019 17:47:19,2019-07-24 17:47:19,1563990439,50.85811148597114,4.347774982423899,0000039D48200BA,152,0.0,N/A
1162,24.07.2019 17:49:16,2019-07-24 17:49:16,1563990556,50.85804711294711,4.348011016817209,0000039D48200BA,153,15.12,N/A
1183,24.07.2019 17:49:31,2019-07-24 17:49:31,1563990571,50.857725247826934,4.349298477144348,0000039D48200BA,154,16.92,N/A
1208,24.07.2019 17:49:48,2019-07-24 17:49:48,1563990588,50.85736046735741,4.350757598848441,0000039D48200BA,155,29.16,N/A
1237,24.07.2019 17:49:59,2019-07-24 17:49:59,1563990599,50.856984958050546,4.352130889864056,0000039D48200BA,156,38.88,N/A
1251,24.07.2019 17:51:18,2019-07-24 17:51:18,1563990678,50.85436712173983,4.361979961366677,0000039D48200BA,157,38.16,N/A
1278,24.07.2019 17:51:31,2019-07-24 17:51:31,1563990691,50.8540023412703,4.363288879365936,0000039D48200BA,158,30.96,N/A
1307,24.07.2019 17:51:40,2019-07-24 17:51:40,1563990700,50.85376630684885,4.364361762971886,0000039D48200BA,159,34.92,N/A
1320,24.07.2019 17:52:13,2019-07-24 17:52:13,1563990733,50.8512235723995,4.368395805330258,0000039D48200BA,160,32.04,N/A
1347,24.07.2019 17:52:24,2019-07-24 17:52:24,1563990744,50.85030089238835,4.368588924379329,0000039D48200BA,161,29.16,N/A
1348,24.07.2019 17:52:31,2019-07-24 17:52:31,1563990751,50.84974299284672,4.368782043428401,0000039D48200BA,161,33.12,N/A
1374,24.07.2019 17:52:48,2019-07-24 17:52:48,1563990768,50.8482516844566,4.369597434968923,0000039D48200BA,162,24.12,N/A
1375,24.07.2019 17:52:58,2019-07-24 17:52:58,1563990778,50.84751139468021,4.3695545196246846,0000039D48200BA,162,34.92,N/A
1424,24.07.2019 17:53:08,2019-07-24 17:53:08,1563990788,50.84668527420511,4.369039535493829,0000039D48200BA,163,24.12,N/A
1455,24.07.2019 17:53:32,2019-07-24 17:53:32,1563990812,50.84481845650812,4.368288516969663,0000039D48200BA,164,21.96,N/A
1456,24.07.2019 17:53:37,2019-07-24 17:53:37,1563990817,50.84461460859868,4.3680524825763545,0000039D48200BA,164,6.84,N/A
1457,24.07.2019 17:53:44,2019-07-24 17:53:44,1563990824,50.84443221836391,4.367902278871521,0000039D48200BA,164,16.92,N/A
1496,24.07.2019 17:53:57,2019-07-24 17:53:57,1563990837,50.84349880951542,4.367258548707952,0000039D48200BA,165,42.12,N/A
1542,24.07.2019 17:54:05,2019-07-24 17:54:05,1563990845,50.842919452299114,4.367022514314643,0000039D48200BA,166,16.92,N/A
1543,24.07.2019 17:54:11,2019-07-24 17:54:11,1563990851,50.84282289276307,4.367301464052189,0000039D48200BA,166,10.08,N/A
1568,24.07.2019 17:54:26,2019-07-24 17:54:26,1563990866,50.84272633322701,4.367752075166688,0000039D48200BA,167,20.88,N/A
1569,24.07.2019 17:54:39,2019-07-24 17:54:39,1563990879,50.84247956996822,4.369232654542899,0000039D48200BA,167,32.04,N/A
1605,24.07.2019 17:54:51,2019-07-24 17:54:51,1563990891,50.84216843368539,4.370563030214277,0000039D48200BA,168,29.88,N/A
1606,24.07.2019 17:55:03,2019-07-24 17:55:03,1563990903,50.84188948391458,4.372000694246251,0000039D48200BA,168,33.12,N/A
1647,24.07.2019 17:55:15,2019-07-24 17:55:15,1563990915,50.84150324577037,4.3734812736224615,0000039D48200BA,169,37.08,N/A
1648,24.07.2019 17:55:25,2019-07-24 17:55:25,1563990925,50.841256482511575,4.374768733949601,0000039D48200BA,169,29.88,N/A
1685,24.07.2019 17:55:34,2019-07-24 17:55:34,1563990934,50.841063363439474,4.3757772445391945,0000039D48200BA,170,34.92,N/A
1686,24.07.2019 17:55:39,2019-07-24 17:55:39,1563990939,50.84102044809011,4.376270770997931,0000039D48200BA,170,14.04,N/A
1725,24.07.2019 17:55:59,2019-07-24 17:55:59,1563990959,50.84076295599397,4.377772808046261,0000039D48200BA,171,30.96,N/A
1763,24.07.2019 17:56:08,2019-07-24 17:56:08,1563990968,50.840559108084534,4.378695487947378,0000039D48200BA,172,12.96,N/A
1771,24.07.2019 17:56:48,2019-07-24 17:56:48,1563991008,50.84032307366308,4.3794465064715435,0000039D48200BA,173,16.92,N/A
1796,24.07.2019 17:56:52,2019-07-24 17:56:52,1563991012,50.840269429476386,4.3795752525042575,0000039D48200BA,174,3.96,N/A
1797,24.07.2019 17:57:10,2019-07-24 17:57:10,1563991030,50.8400548527296,4.380562305421731,0000039D48200BA,174,20.16,N/A
1828,24.07.2019 17:57:23,2019-07-24 17:57:23,1563991043,50.8400548527296,4.381549358339205,0000039D48200BA,175,5.04,N/A
1935,24.07.2019 17:57:51,2019-07-24 17:57:51,1563991071,50.84006558156695,4.381785392732514,0000039D48200BA,176,18.0,N/A
1964,24.07.2019 17:58:08,2019-07-24 17:58:08,1563991088,50.83993683551888,4.383201599092368,0000039D48200BA,177,21.96,N/A
1993,24.07.2019 17:58:23,2019-07-24 17:58:23,1563991103,50.83990464900686,4.384167194337723,0000039D48200BA,178,11.16,N/A
1994,24.07.2019 17:58:28,2019-07-24 17:58:28,1563991108,50.83992610668154,4.384403228731032,0000039D48200BA,179,0.0,N/A
2016,24.07.2019 17:58:48,2019-07-24 17:58:48,1563991128,50.83990464900686,4.384789466829175,0000039D48200BA,180,20.88,N/A
2050,24.07.2019 17:58:59,2019-07-24 17:58:59,1563991139,50.83971152993475,4.385840892763006,0000039D48200BA,181,29.16,N/A
2051,24.07.2019 17:59:06,2019-07-24 17:59:06,1563991146,50.83943258016394,4.386634826631409,0000039D48200BA,181,21.96,N/A
2052,24.07.2019 17:59:12,2019-07-24 17:59:12,1563991152,50.83931456295321,4.386956691713193,0000039D48200BA,181,6.12,N/A
2094,24.07.2019 17:59:32,2019-07-24 17:59:32,1563991172,50.83899269783304,4.388415813417286,0000039D48200BA,182,32.04,N/A
2128,24.07.2019 17:59:43,2019-07-24 17:59:43,1563991183,50.83862791736352,4.389789104432901,0000039D48200BA,183,29.16,N/A
2129,24.07.2019 17:59:54,2019-07-24 17:59:54,1563991194,50.838434798291416,4.391183853120636,0000039D48200BA,183,29.88,N/A
2174,24.07.2019 17:59:59,2019-07-24 17:59:59,1563991199,50.83835969643005,4.391591548890897,0000039D48200BA,184,21.96,N/A
2175,24.07.2019 18:00:04,2019-07-24 18:00:04,1563991204,50.838252408056654,4.391849040956325,0000039D48200BA,184,9.0,N/A
2204,24.07.2019 18:00:20,2019-07-24 18:00:20,1563991220,50.83809147549657,4.392685890168966,0000039D48200BA,185,28.08,N/A
2205,24.07.2019 18:00:29,2019-07-24 18:00:29,1563991229,50.83820949270729,4.393844604463393,0000039D48200BA,185,32.04,N/A
2248,24.07.2019 18:00:40,2019-07-24 18:00:40,1563991240,50.8385957308515,4.395196437806889,0000039D48200BA,186,30.96,N/A
2249,24.07.2019 18:00:53,2019-07-24 18:00:53,1563991253,50.83896051132103,4.396526813478267,0000039D48200BA,186,25.92,N/A
2284,24.07.2019 18:01:04,2019-07-24 18:01:04,1563991264,50.839175088067805,4.397385120363028,0000039D48200BA,187,11.16,N/A
2308,24.07.2019 18:01:22,2019-07-24 18:01:22,1563991282,50.839368207139906,4.398093223542954,0000039D48200BA,188,7.92,N/A
2338,24.07.2019 18:02:45,2019-07-24 18:02:45,1563991365,50.839035613182396,4.399595260591284,0000039D48200BA,189,27.0,N/A
2339,24.07.2019 18:02:59,2019-07-24 18:02:59,1563991379,50.838778121086264,4.401032924623258,0000039D48200BA,189,42.12,N/A
2387,24.07.2019 18:03:07,2019-07-24 18:03:07,1563991387,50.83849917131545,4.40247058865523,0000039D48200BA,190,45.0,N/A
2388,24.07.2019 18:03:15,2019-07-24 18:03:15,1563991395,50.83823095038198,4.403822421998727,0000039D48200BA,190,43.92,N/A
2437,24.07.2019 18:03:24,2019-07-24 18:03:24,1563991404,50.837930542936476,4.4053244590470575,0000039D48200BA,191,43.92,N/A
2438,24.07.2019 18:03:30,2019-07-24 18:03:30,1563991410,50.83779106805108,4.4060111045548656,0000039D48200BA,191,47.88,N/A
2460,24.07.2019 18:03:50,2019-07-24 18:03:50,1563991430,50.83668599780516,4.410667419404688,0000039D48200BA,192,42.84,N/A
2461,24.07.2019 18:04:00,2019-07-24 18:04:00,1563991440,50.8364499633837,4.4121479987809,0000039D48200BA,192,37.08,N/A
2507,24.07.2019 18:04:10,2019-07-24 18:04:10,1563991450,50.836160284775545,4.413628578157111,0000039D48200BA,193,42.12,N/A
2508,24.07.2019 18:04:19,2019-07-24 18:04:19,1563991459,50.83584914849271,4.41513061520544,0000039D48200BA,193,45.0,N/A
2551,24.07.2019 18:04:26,2019-07-24 18:04:26,1563991466,50.835559469884565,4.4159889220902,0000039D48200BA,194,38.16,N/A
2552,24.07.2019 18:04:35,2019-07-24 18:04:35,1563991475,50.83520541825237,4.4173836707779355,0000039D48200BA,194,37.08,N/A
2597,24.07.2019 18:04:46,2019-07-24 18:04:46,1563991486,50.834915739644224,4.418778419465671,0000039D48200BA,195,33.12,N/A
2598,24.07.2019 18:04:57,2019-07-24 18:04:57,1563991497,50.83462606103607,4.420173168153405,0000039D48200BA,195,39.96,N/A
2634,24.07.2019 18:05:06,2019-07-24 18:05:06,1563991506,50.83436856893994,4.421653747529617,0000039D48200BA,196,47.16,N/A
2635,24.07.2019 18:05:22,2019-07-24 18:05:22,1563991522,50.83452950150002,4.424850940675348,0000039D48200BA,196,51.84,N/A
2680,24.07.2019 18:05:28,2019-07-24 18:05:28,1563991528,50.834722620572116,4.4262027740188445,0000039D48200BA,197,43.92,N/A
2681,24.07.2019 18:05:37,2019-07-24 18:05:37,1563991537,50.8347440782468,4.427833557099889,0000039D48200BA,197,48.96,N/A
2682,24.07.2019 18:05:44,2019-07-24 18:05:44,1563991544,50.83447585731333,4.429163932771266,0000039D48200BA,197,48.96,N/A
2738,24.07.2019 18:05:51,2019-07-24 18:05:51,1563991551,50.83408961916912,4.430108070344502,0000039D48200BA,198,46.08,N/A
2739,24.07.2019 18:05:57,2019-07-24 18:05:57,1563991557,50.83369265218757,4.430773258180191,0000039D48200BA,199,19.08,N/A
2740,24.07.2019 18:06:02,2019-07-24 18:06:02,1563991562,50.833606821488864,4.430880546540786,0000039D48200BA,199,3.96,N/A
2777,24.07.2019 18:06:37,2019-07-24 18:06:37,1563991597,50.83348880427813,4.431030750245619,0000039D48200BA,200,19.08,N/A
2816,24.07.2019 18:06:48,2019-07-24 18:06:48,1563991608,50.8326519549657,4.431717395753427,0000039D48200BA,201,30.96,N/A
2817,24.07.2019 18:06:57,2019-07-24 18:06:57,1563991617,50.8317721903039,4.432318210572759,0000039D48200BA,201,47.88,N/A
2861,24.07.2019 18:07:06,2019-07-24 18:07:06,1563991626,50.8309460698288,4.4328331947036155,0000039D48200BA,202,32.04,N/A
2862,24.07.2019 18:07:16,2019-07-24 18:07:16,1563991636,50.830452543311196,4.433176517457519,0000039D48200BA,202,6.12,N/A
2884,24.07.2019 18:07:36,2019-07-24 18:07:36,1563991656,50.83009849167902,4.433391094178709,0000039D48200BA,203,24.12,N/A
2885,24.07.2019 18:07:44,2019-07-24 18:07:44,1563991664,50.829669338185454,4.433283805818115,0000039D48200BA,203,29.88,N/A
2930,24.07.2019 18:07:51,2019-07-24 18:07:51,1563991671,50.82912216748116,4.432725906343021,0000039D48200BA,204,29.88,N/A
2931,24.07.2019 18:08:03,2019-07-24 18:08:03,1563991683,50.82836042003009,4.431974887818855,0000039D48200BA,204,29.16,N/A
2976,24.07.2019 18:08:14,2019-07-24 18:08:14,1563991694,50.827448468856275,4.431416988343762,0000039D48200BA,205,33.84,N/A
2977,24.07.2019 18:08:23,2019-07-24 18:08:23,1563991703,50.82647214465843,4.431331157655285,0000039D48200BA,205,46.08,N/A
3024,24.07.2019 18:08:31,2019-07-24 18:08:31,1563991711,50.82554946464728,4.431588649720713,0000039D48200BA,206,43.92,N/A
3025,24.07.2019 18:08:40,2019-07-24 18:08:40,1563991720,50.824573140449424,4.431459903687999,0000039D48200BA,206,42.84,N/A
3063,24.07.2019 18:08:49,2019-07-24 18:08:49,1563991729,50.82361827392626,4.4313526153274045,0000039D48200BA,207,42.12,N/A
3064,24.07.2019 18:08:59,2019-07-24 18:08:59,1563991739,50.82268486507777,4.431073665589857,0000039D48200BA,207,29.88,N/A
3065,24.07.2019 18:09:06,2019-07-24 18:09:06,1563991746,50.82235227112025,4.430966377229263,0000039D48200BA,207,6.84,N/A
3100,24.07.2019 18:09:26,2019-07-24 18:09:26,1563991766,50.82215915204815,4.430902004212905,0000039D48200BA,208,18.0,N/A
3134,24.07.2019 18:09:37,2019-07-24 18:09:37,1563991777,50.82125792971167,4.430472850770525,0000039D48200BA,209,29.88,N/A
3135,24.07.2019 18:09:47,2019-07-24 18:09:47,1563991787,50.820356707375204,4.429893493623313,0000039D48200BA,209,38.88,N/A
3178,24.07.2019 18:09:57,2019-07-24 18:09:57,1563991797,50.819562773412116,4.428992271394314,0000039D48200BA,210,37.08,N/A
3179,24.07.2019 18:10:08,2019-07-24 18:10:08,1563991808,50.818929772009106,4.427876472444126,0000039D48200BA,210,32.04,N/A
3220,24.07.2019 18:10:17,2019-07-24 18:10:17,1563991817,50.818457703166196,4.427168369264199,0000039D48200BA,211,29.88,N/A
3221,24.07.2019 18:10:27,2019-07-24 18:10:27,1563991827,50.81797490548594,4.4267392158218195,0000039D48200BA,211,12.96,N/A
3274,24.07.2019 18:11:18,2019-07-24 18:11:18,1563991878,50.817663769203115,4.426438808412153,0000039D48200BA,212,15.84,N/A
3275,24.07.2019 18:11:33,2019-07-24 18:11:33,1563991893,50.81711659849883,4.426159858674606,0000039D48200BA,212,7.92,N/A
3314,24.07.2019 18:12:21,2019-07-24 18:12:21,1563991941,50.816966394776074,4.4260525703140114,0000039D48200BA,213,10.08,N/A
3315,24.07.2019 18:12:34,2019-07-24 18:12:34,1563991954,50.816687445005265,4.425752162904345,0000039D48200BA,213,11.88,N/A
3346,24.07.2019 18:12:49,2019-07-24 18:12:49,1563991969,50.81692347942672,4.424228668183897,0000039D48200BA,214,33.84,N/A
3381,24.07.2019 18:13:01,2019-07-24 18:13:01,1563991981,50.817202429197536,4.422791004151923,0000039D48200BA,215,29.88,N/A
3382,24.07.2019 18:13:13,2019-07-24 18:13:13,1563991993,50.81749210780569,4.421288967103593,0000039D48200BA,215,42.12,N/A
3426,24.07.2019 18:13:21,2019-07-24 18:13:21,1563992001,50.81776032873916,4.419894218415858,0000039D48200BA,216,43.92,N/A
3427,24.07.2019 18:13:27,2019-07-24 18:13:27,1563992007,50.81798563432328,4.418971538514741,0000039D48200BA,216,29.16,N/A
3469,24.07.2019 18:13:40,2019-07-24 18:13:40,1563992020,50.818328957118126,4.41749095913853,0000039D48200BA,217,39.96,N/A
3470,24.07.2019 18:13:50,2019-07-24 18:13:50,1563992030,50.818672279912974,4.416139125795033,0000039D48200BA,217,37.08,N/A
3512,24.07.2019 18:13:57,2019-07-24 18:13:57,1563992037,50.818983416195806,4.415366649598749,0000039D48200BA,218,38.16,N/A
3513,24.07.2019 18:14:06,2019-07-24 18:14:06,1563992046,50.81935892550268,4.4139933585831335,0000039D48200BA,218,36.0,N/A
3514,24.07.2019 18:14:16,2019-07-24 18:14:16,1563992056,50.81975589248422,4.412684440583874,0000039D48200BA,218,36.0,N/A
3554,24.07.2019 18:14:26,2019-07-24 18:14:26,1563992066,50.8201099441164,4.411311149568259,0000039D48200BA,219,38.16,N/A
3555,24.07.2019 18:14:36,2019-07-24 18:14:36,1563992076,50.820506911097944,4.40998077389688,0000039D48200BA,219,38.16,N/A
3602,24.07.2019 18:14:45,2019-07-24 18:14:45,1563992085,50.82090387807949,4.408671855897621,0000039D48200BA,220,38.16,N/A
3603,24.07.2019 18:14:55,2019-07-24 18:14:55,1563992095,50.821322302735716,4.407298564882005,0000039D48200BA,220,39.96,N/A
3650,24.07.2019 18:15:05,2019-07-24 18:15:05,1563992105,50.82166562553056,4.406182765931818,0000039D48200BA,221,6.84,N/A
3691,24.07.2019 18:15:23,2019-07-24 18:15:23,1563992123,50.822126965536135,4.404594898195011,0000039D48200BA,222,47.88,N/A
3692,24.07.2019 18:15:31,2019-07-24 18:15:31,1563992131,50.82255611902969,4.403371810884228,0000039D48200BA,222,42.84,N/A
3693,24.07.2019 18:15:39,2019-07-24 18:15:39,1563992139,50.82314620508334,4.402298927278278,0000039D48200BA,222,43.92,N/A
3745,24.07.2019 18:15:48,2019-07-24 18:15:48,1563992148,50.82375774881166,4.401268959016567,0000039D48200BA,223,33.84,N/A
3746,24.07.2019 18:15:59,2019-07-24 18:15:59,1563992159,50.824369292539984,4.400217533082736,0000039D48200BA,223,29.16,N/A
3774,24.07.2019 18:16:10,2019-07-24 18:16:10,1563992170,50.82500229394299,4.399144649476785,0000039D48200BA,224,33.84,N/A
3815,24.07.2019 18:16:22,2019-07-24 18:16:22,1563992182,50.82561383767131,4.3981361388871925,0000039D48200BA,225,15.84,N/A
3816,24.07.2019 18:16:27,2019-07-24 18:16:27,1563992187,50.825667481858005,4.398050308198716,0000039D48200BA,225,0.0,N/A
3845,24.07.2019 18:16:47,2019-07-24 18:16:47,1563992207,50.82600007581551,4.397492408723623,0000039D48200BA,226,24.84,N/A
3846,24.07.2019 18:16:52,2019-07-24 18:16:52,1563992212,50.82618246605028,4.397299289674551,0000039D48200BA,226,15.84,N/A
3890,24.07.2019 18:17:03,2019-07-24 18:17:03,1563992223,50.82682619629061,4.3985438346574535,0000039D48200BA,227,47.16,N/A
3891,24.07.2019 18:17:11,2019-07-24 18:17:11,1563992231,50.82736263815757,4.399659633607641,0000039D48200BA,227,37.08,N/A
3924,24.07.2019 18:17:23,2019-07-24 18:17:23,1563992243,50.82773814746444,4.400496482820283,0000039D48200BA,228,6.84,N/A
3951,24.07.2019 18:17:44,2019-07-24 18:17:44,1563992264,50.82785616467516,4.400753974885711,0000039D48200BA,229,18.0,N/A
3952,24.07.2019 18:17:54,2019-07-24 18:17:54,1563992274,50.82856426793954,4.401869773835898,0000039D48200BA,229,46.08,N/A
3953,24.07.2019 18:18:03,2019-07-24 18:18:03,1563992283,50.82929382887858,4.4028782844254915,0000039D48200BA,229,42.12,N/A
4188,24.07.2019 18:18:12,2019-07-24 18:18:12,1563992292,50.83016286470305,4.4036936759660135,0000039D48200BA,230,45.0,N/A
4189,24.07.2019 18:18:19,2019-07-24 18:18:19,1563992299,50.83078513726871,4.404122829408394,0000039D48200BA,230,46.08,N/A
4230,24.07.2019 18:18:36,2019-07-24 18:18:36,1563992316,50.83276997217643,4.4052600860307,0000039D48200BA,231,41.04,N/A
4457,24.07.2019 18:18:46,2019-07-24 18:18:46,1563992326,50.833596092651526,4.405775070161556,0000039D48200BA,232,34.92,N/A
4458,24.07.2019 18:18:54,2019-07-24 18:18:54,1563992334,50.83414326335581,4.406161308259699,0000039D48200BA,233,29.88,N/A
4459,24.07.2019 18:19:05,2019-07-24 18:19:05,1563992345,50.83502302801761,4.406633377046316,0000039D48200BA,233,29.16,N/A
4858,24.07.2019 18:19:18,2019-07-24 18:19:18,1563992358,50.83590279267941,4.407105445832934,0000039D48200BA,234,24.84,N/A
4906,24.07.2019 18:19:32,2019-07-24 18:19:32,1563992372,50.83655725175709,4.407448768586838,0000039D48200BA,235,6.84,N/A
4907,24.07.2019 18:19:43,2019-07-24 18:19:43,1563992383,50.83691130338928,4.407877922029218,0000039D48200BA,236,25.92,N/A
5122,24.07.2019 18:19:50,2019-07-24 18:19:50,1563992390,50.83742628758155,4.4084358215043125,0000039D48200BA,237,32.04,N/A
5123,24.07.2019 18:19:57,2019-07-24 18:19:57,1563992397,50.837866169912445,4.407963752717695,0000039D48200BA,237,29.16,N/A
5124,24.07.2019 18:20:05,2019-07-24 18:20:05,1563992405,50.83779106805108,4.4070839881608155,0000039D48200BA,238,21.96,N/A
5125,24.07.2019 18:20:11,2019-07-24 18:20:11,1563992411,50.83773742386438,4.406633377046316,0000039D48200BA,238,27.0,N/A
5126,24.07.2019 18:20:21,2019-07-24 18:20:21,1563992421,50.83803783130987,4.4051957130143435,0000039D48200BA,238,43.92,N/A
5127,24.07.2019 18:20:31,2019-07-24 18:20:31,1563992431,50.83839188294206,4.403307437867872,0000039D48200BA,238,48.96,N/A
5128,24.07.2019 18:20:41,2019-07-24 18:20:41,1563992441,50.8387888499236,4.401376247377161,0000039D48200BA,238,48.96,N/A
5129,24.07.2019 18:20:49,2019-07-24 18:20:49,1563992449,50.839099986206435,4.39991712567307,0000039D48200BA,238,47.88,N/A
5130,24.07.2019 18:20:54,2019-07-24 18:20:54,1563992454,50.8392287322545,4.3993592261979755,0000039D48200BA,238,51.84,N/A
5131,24.07.2019 18:21:44,2019-07-24 18:21:44,1563992504,50.841395957396976,4.388952255220261,0000039D48200BA,238,55.08,N/A
5132,24.07.2019 18:22:23,2019-07-24 18:22:23,1563992543,50.843241317419285,4.381098747224706,0000039D48200BA,238,37.08,N/A
5179,24.07.2019 18:22:34,2019-07-24 18:22:34,1563992554,50.843370063467354,4.380068778962994,0000039D48200BA,239,21.96,N/A
5180,24.07.2019 18:22:40,2019-07-24 18:22:40,1563992560,50.84347735184075,4.3797039985369715,0000039D48200BA,239,5.04,N/A
5208,24.07.2019 18:23:19,2019-07-24 18:23:19,1563992599,50.843681199750186,4.379339218110949,0000039D48200BA,240,12.96,N/A
5262,24.07.2019 18:23:33,2019-07-24 18:23:33,1563992613,50.84385286114761,4.377858638734738,0000039D48200BA,241,33.84,N/A
5263,24.07.2019 18:23:41,2019-07-24 18:23:41,1563992621,50.843874318822294,4.377107620210572,0000039D48200BA,242,11.88,N/A
5294,24.07.2019 18:24:04,2019-07-24 18:24:04,1563992644,50.84418545510512,4.375519752473767,0000039D48200BA,243,47.16,N/A
5295,24.07.2019 18:24:12,2019-07-24 18:24:12,1563992652,50.84449659138795,4.374060630769674,0000039D48200BA,243,46.08,N/A
5336,24.07.2019 18:24:20,2019-07-24 18:24:20,1563992660,50.84475408348409,4.37264442440982,0000039D48200BA,244,46.08,N/A
5337,24.07.2019 18:24:27,2019-07-24 18:24:27,1563992667,50.84504376209224,4.3714427947711565,0000039D48200BA,244,42.12,N/A
5338,24.07.2019 18:24:33,2019-07-24 18:24:33,1563992673,50.84523688116435,4.370541572542158,0000039D48200BA,244,33.84,N/A
5381,24.07.2019 18:24:47,2019-07-24 18:24:47,1563992687,50.845526559772495,4.369232654542899,0000039D48200BA,245,15.84,N/A
5413,24.07.2019 18:25:00,2019-07-24 18:25:00,1563992700,50.84562311930854,4.36856746670721,0000039D48200BA,246,6.84,N/A
5414,24.07.2019 18:25:08,2019-07-24 18:25:08,1563992708,50.845580203959194,4.368245601625425,0000039D48200BA,246,14.04,N/A
5454,24.07.2019 18:25:27,2019-07-24 18:25:27,1563992727,50.84461460859868,4.367816448183046,0000039D48200BA,247,29.16,N/A
5455,24.07.2019 18:25:38,2019-07-24 18:25:38,1563992738,50.84365974207551,4.367408752412784,0000039D48200BA,247,34.92,N/A
5507,24.07.2019 18:26:18,2019-07-24 18:26:18,1563992778,50.83985100482016,4.364297389955529,0000039D48200BA,248,41.04,N/A
5536,24.07.2019 18:26:27,2019-07-24 18:26:27,1563992787,50.83925018992918,4.363160133333222,0000039D48200BA,249,42.12,N/A
5537,24.07.2019 18:26:33,2019-07-24 18:26:33,1563992793,50.8389819689957,4.362623691530247,0000039D48200BA,249,43.92,N/A
5592,24.07.2019 18:26:44,2019-07-24 18:26:44,1563992804,50.83809147549657,4.360542297334705,0000039D48200BA,250,48.96,N/A
5604,24.07.2019 18:27:00,2019-07-24 18:27:00,1563992820,50.83710442246137,4.358139038057376,0000039D48200BA,251,55.08,N/A
5674,24.07.2019 18:27:30,2019-07-24 18:27:30,1563992850,50.83494792615624,4.353053569765174,0000039D48200BA,252,42.12,N/A
5675,24.07.2019 18:27:40,2019-07-24 18:27:40,1563992860,50.834518772662676,4.3517875671101525,0000039D48200BA,252,29.88,N/A
5676,24.07.2019 18:27:49,2019-07-24 18:27:49,1563992869,50.834261280566544,4.351058006258106,0000039D48200BA,252,6.84,N/A
5735,24.07.2019 18:28:38,2019-07-24 18:28:38,1563992918,50.83422909405453,4.350821971864797,0000039D48200BA,253,15.84,N/A
5764,24.07.2019 18:28:52,2019-07-24 18:28:52,1563992932,50.83370338102492,4.349555969209776,0000039D48200BA,254,29.16,N/A
5807,24.07.2019 18:29:04,2019-07-24 18:29:04,1563992944,50.83330641404338,4.348311424226874,0000039D48200BA,255,29.16,N/A
5808,24.07.2019 18:29:17,2019-07-24 18:29:17,1563992957,50.83322058334466,4.346787929506425,0000039D48200BA,255,36.0,N/A
5848,24.07.2019 18:29:29,2019-07-24 18:29:29,1563992969,50.83336005823007,4.345350265474453,0000039D48200BA,256,27.0,N/A
5849,24.07.2019 18:29:42,2019-07-24 18:29:42,1563992982,50.833445888928786,4.344127178163669,0000039D48200BA,256,12.96,N/A
5925,24.07.2019 18:30:05,2019-07-24 18:30:05,1563993005,50.83370338102492,4.343311786623148,0000039D48200BA,257,20.16,N/A
5926,24.07.2019 18:30:13,2019-07-24 18:30:13,1563993013,50.83393941544637,4.342904090852886,0000039D48200BA,258,5.04,N/A
5954,24.07.2019 18:31:12,2019-07-24 18:31:12,1563993072,50.83402524614509,4.342861175508649,0000039D48200BA,259,15.84,N/A
5982,24.07.2019 18:31:27,2019-07-24 18:31:27,1563993087,50.834701162897446,4.342560768098982,0000039D48200BA,260,19.08,N/A
5983,24.07.2019 18:31:44,2019-07-24 18:31:44,1563993104,50.83565602942061,4.3421745300008405,0000039D48200BA,260,27.0,N/A
6018,24.07.2019 18:31:54,2019-07-24 18:31:54,1563993114,50.836213928962245,4.34195995327965,0000039D48200BA,261,15.12,N/A
6019,24.07.2019 18:31:59,2019-07-24 18:31:59,1563993119,50.83638559035967,4.341874122591174,0000039D48200BA,261,6.12,N/A
6037,24.07.2019 18:32:24,2019-07-24 18:32:24,1563993144,50.83651433640774,4.341852664919055,0000039D48200BA,262,15.12,N/A
6061,24.07.2019 18:32:42,2019-07-24 18:32:42,1563993162,50.837458474093566,4.341509342165152,0000039D48200BA,263,16.92,N/A
6062,24.07.2019 18:32:49,2019-07-24 18:32:49,1563993169,50.83768377967769,4.341423511476675,0000039D48200BA,263,9.0,N/A
6116,24.07.2019 18:33:22,2019-07-24 18:33:22,1563993202,50.83814511968326,4.341294765443961,0000039D48200BA,264,0.0,N/A
6135,24.07.2019 18:34:10,2019-07-24 18:34:10,1563993250,50.83820949270729,4.341294765443961,0000039D48200BA,265,15.12,N/A
6155,24.07.2019 18:34:16,2019-07-24 18:34:16,1563993256,50.83848844247811,4.3413591384603185,0000039D48200BA,266,29.16,N/A
6156,24.07.2019 18:34:26,2019-07-24 18:34:26,1563993266,50.839378935977244,4.341166019411247,0000039D48200BA,266,28.08,N/A
6196,24.07.2019 18:34:38,2019-07-24 18:34:38,1563993278,50.84024797180171,4.340844154329462,0000039D48200BA,267,23.04,N/A
6197,24.07.2019 18:34:43,2019-07-24 18:34:43,1563993283,50.84044109087381,4.340779781313105,0000039D48200BA,267,6.12,N/A
6226,24.07.2019 18:35:05,2019-07-24 18:35:05,1563993305,50.84058056575922,4.340736865968868,0000039D48200BA,268,16.92,N/A
6248,24.07.2019 18:35:26,2019-07-24 18:35:26,1563993326,50.841481788095685,4.340393543214963,0000039D48200BA,269,24.12,N/A
6279,24.07.2019 18:35:42,2019-07-24 18:35:42,1563993342,50.84236155275749,4.340071678133178,0000039D48200BA,270,23.04,N/A
6280,24.07.2019 18:35:52,2019-07-24 18:35:52,1563993352,50.842973096485814,4.339921474428346,0000039D48200BA,270,6.84,N/A
6318,24.07.2019 18:36:12,2019-07-24 18:36:12,1563993372,50.843241317419285,4.339792728395631,0000039D48200BA,271,20.88,N/A
6345,24.07.2019 18:36:27,2019-07-24 18:36:27,1563993387,50.8441532685931,4.33938503262537,0000039D48200BA,272,25.92,N/A
6378,24.07.2019 18:36:38,2019-07-24 18:36:38,1563993398,50.845075948604254,4.339106082887823,0000039D48200BA,273,29.88,N/A
6379,24.07.2019 18:36:48,2019-07-24 18:36:48,1563993408,50.845773323031295,4.338848590822395,0000039D48200BA,273,25.92,N/A
6418,24.07.2019 18:37:01,2019-07-24 18:37:01,1563993421,50.84677110490382,4.3385052680684915,0000039D48200BA,274,32.04,N/A
6419,24.07.2019 18:37:11,2019-07-24 18:37:11,1563993431,50.84771524258965,4.338161945314588,0000039D48200BA,274,42.84,N/A
6475,24.07.2019 18:37:20,2019-07-24 18:37:20,1563993440,50.848487718878054,4.337754249544326,0000039D48200BA,275,30.96,N/A
6476,24.07.2019 18:37:25,2019-07-24 18:37:25,1563993445,50.84877739748621,4.33766841885585,0000039D48200BA,275,6.12,N/A
6522,24.07.2019 18:38:18,2019-07-24 18:38:18,1563993498,50.84891687237162,4.33766841885585,0000039D48200BA,276,16.92,N/A
6523,24.07.2019 18:38:24,2019-07-24 18:38:24,1563993504,50.84916363563042,4.337732791872207,0000039D48200BA,277,2.88,N/A
6534,24.07.2019 18:40:17,2019-07-24 18:40:17,1563993617,50.84921727981711,4.337754249544326,0000039D48200BA,278,15.12,N/A
6569,24.07.2019 18:40:25,2019-07-24 18:40:25,1563993625,50.84948550075058,4.337775707216445,0000039D48200BA,279,20.16,N/A
6570,24.07.2019 18:40:36,2019-07-24 18:40:36,1563993636,50.84974299284672,4.33681011197109,0000039D48200BA,280,24.84,N/A
6609,24.07.2019 18:40:49,2019-07-24 18:40:49,1563993649,50.85008631564157,4.335415363283355,0000039D48200BA,281,23.04,N/A
6610,24.07.2019 18:40:56,2019-07-24 18:40:56,1563993656,50.85009704447891,4.334878921480381,0000039D48200BA,282,15.84,N/A
6639,24.07.2019 18:41:10,2019-07-24 18:41:10,1563993670,50.84987173889479,4.333484172792645,0000039D48200BA,283,30.96,N/A
6640,24.07.2019 18:41:21,2019-07-24 18:41:21,1563993681,50.84975372168406,4.331939220400078,0000039D48200BA,284,34.92,N/A
6684,24.07.2019 18:41:30,2019-07-24 18:41:30,1563993690,50.849646433310674,4.330973625154722,0000039D48200BA,285,24.12,N/A
6685,24.07.2019 18:41:33,2019-07-24 18:41:33,1563993693,50.84961424679866,4.330716133089294,0000039D48200BA,285,10.08,N/A
6706,24.07.2019 18:41:58,2019-07-24 18:41:58,1563993718,50.8495713314493,4.330565929384461,0000039D48200BA,286,11.88,N/A
6740,24.07.2019 18:42:31,2019-07-24 18:42:31,1563993751,50.84947477191325,4.3294286727621545,0000039D48200BA,287,5.04,N/A
6833,24.07.2019 18:43:36,2019-07-24 18:43:36,1563993816,50.849442585401235,4.328463077516799,0000039D48200BA,288,15.12,N/A
6866,24.07.2019 18:43:49,2019-07-24 18:43:49,1563993829,50.849346025865174,4.326961040468469,0000039D48200BA,289,34.92,N/A
6867,24.07.2019 18:44:00,2019-07-24 18:44:00,1563993840,50.84921727981711,4.325544834108616,0000039D48200BA,289,29.16,N/A
6902,24.07.2019 18:44:09,2019-07-24 18:44:09,1563993849,50.84915290679308,4.32479381558445,0000039D48200BA,290,15.84,N/A
6931,24.07.2019 18:44:35,2019-07-24 18:44:35,1563993875,50.8490778049317,4.323356151552477,0000039D48200BA,291,15.84,N/A
6963,24.07.2019 18:44:49,2019-07-24 18:44:49,1563993889,50.848938330046295,4.322154521913814,0000039D48200BA,292,24.84,N/A
6964,24.07.2019 18:45:00,2019-07-24 18:45:00,1563993900,50.84876666864887,4.320867061586673,0000039D48200BA,292,29.88,N/A
6965,24.07.2019 18:45:08,2019-07-24 18:45:08,1563993908,50.84879885516089,4.320158958406746,0000039D48200BA,292,16.92,N/A
7011,24.07.2019 18:45:12,2019-07-24 18:45:12,1563993912,50.84877739748621,4.319901466341318,0000039D48200BA,293,3.96,N/A
7034,24.07.2019 18:45:32,2019-07-24 18:45:32,1563993932,50.848788126323555,4.31964397427589,0000039D48200BA,294,18.0,N/A
7035,24.07.2019 18:45:45,2019-07-24 18:45:45,1563993945,50.848605736088786,4.318077564211204,0000039D48200BA,294,38.16,N/A
7070,24.07.2019 18:45:56,2019-07-24 18:45:56,1563993956,50.84845553236604,4.316575527162874,0000039D48200BA,295,33.84,N/A
7071,24.07.2019 18:46:07,2019-07-24 18:46:07,1563993967,50.848337515155315,4.315094947786662,0000039D48200BA,295,33.12,N/A
7115,24.07.2019 18:46:18,2019-07-24 18:46:18,1563993978,50.84819804026991,4.313592910738333,0000039D48200BA,296,36.0,N/A
7116,24.07.2019 18:46:28,2019-07-24 18:46:28,1563993988,50.848080023059175,4.312133789034241,0000039D48200BA,297,39.96,N/A
7158,24.07.2019 18:46:37,2019-07-24 18:46:37,1563993997,50.84796200584845,4.310760498018624,0000039D48200BA,298,30.96,N/A
7194,24.07.2019 18:46:51,2019-07-24 18:46:51,1563994011,50.84782253096304,4.309215545626056,0000039D48200BA,299,33.12,N/A
7195,24.07.2019 18:47:04,2019-07-24 18:47:04,1563994024,50.84771524258965,4.307777881594084,0000039D48200BA,300,24.84,N/A
7225,24.07.2019 18:47:21,2019-07-24 18:47:21,1563994041,50.84758649654158,4.3062543868736345,0000039D48200BA,301,33.12,N/A
7265,24.07.2019 18:47:32,2019-07-24 18:47:32,1563994052,50.84751139468021,4.305181503267685,0000039D48200BA,302,2.88,N/A
7292,24.07.2019 18:48:13,2019-07-24 18:48:13,1563994093,50.847500665842865,4.3050312995628515,0000039D48200BA,303,15.84,N/A
7293,24.07.2019 18:48:26,2019-07-24 18:48:26,1563994106,50.84736119095746,4.303400516481807,0000039D48200BA,303,38.16,N/A
7340,24.07.2019 18:48:35,2019-07-24 18:48:35,1563994115,50.84722171607206,4.3019199371055965,0000039D48200BA,304,42.12,N/A
7341,24.07.2019 18:48:45,2019-07-24 18:48:45,1563994125,50.84711442769867,4.300482273073624,0000039D48200BA,304,30.96,N/A
7374,24.07.2019 18:49:00,2019-07-24 18:49:00,1563994140,50.84701786816261,4.29949522015615,0000039D48200BA,305,6.12,N/A
7375,24.07.2019 18:49:08,2019-07-24 18:49:08,1563994148,50.847125156536,4.299151897402245,0000039D48200BA,306,19.08,N/A
7417,24.07.2019 18:49:20,2019-07-24 18:49:20,1563994160,50.848155124920545,4.299108982058007,0000039D48200BA,307,38.88,N/A
7418,24.07.2019 18:49:30,2019-07-24 18:49:30,1563994170,50.8490778049317,4.299194812746483,0000039D48200BA,307,30.96,N/A
7463,24.07.2019 18:49:36,2019-07-24 18:49:36,1563994176,50.849346025865174,4.299237728090722,0000039D48200BA,308,6.12,N/A
7506,24.07.2019 18:49:56,2019-07-24 18:49:56,1563994196,50.850107773316246,4.2994737624840305,0000039D48200BA,309,33.12,N/A
7507,24.07.2019 18:50:07,2019-07-24 18:50:07,1563994207,50.85085879192998,4.299945831270648,0000039D48200BA,309,14.04,N/A
7508,24.07.2019 18:50:13,2019-07-24 18:50:13,1563994213,50.85093389379135,4.300053119631244,0000039D48200BA,309,2.88,N/A
7562,24.07.2019 18:50:43,2019-07-24 18:50:43,1563994243,50.851030453327404,4.300138950319719,0000039D48200BA,310,15.84,N/A
7563,24.07.2019 18:50:55,2019-07-24 18:50:55,1563994255,50.85185657380251,4.300932884188122,0000039D48200BA,310,33.12,N/A
7586,24.07.2019 18:51:06,2019-07-24 18:51:06,1563994266,50.85271488078963,4.301683902712287,0000039D48200BA,311,38.88,N/A
7587,24.07.2019 18:51:12,2019-07-24 18:51:12,1563994272,50.853262051493914,4.3023276328758575,0000039D48200BA,311,47.88,N/A
7648,24.07.2019 18:51:19,2019-07-24 18:51:19,1563994279,50.853701933824816,4.303443431826045,0000039D48200BA,312,46.08,N/A
7649,24.07.2019 18:51:28,2019-07-24 18:51:28,1563994288,50.854055985456995,4.30483818051378,0000039D48200BA,312,38.88,N/A
7650,24.07.2019 18:51:34,2019-07-24 18:51:34,1563994294,50.85439930825184,4.305524826021588,0000039D48200BA,312,30.96,N/A
7700,24.07.2019 18:51:51,2019-07-24 18:51:51,1563994311,50.85504303849219,4.3065333366111815,0000039D48200BA,313,25.92,N/A
7741,24.07.2019 18:52:02,2019-07-24 18:52:02,1563994322,50.85575114175656,4.307670593233488,0000039D48200BA,314,41.04,N/A
7742,24.07.2019 18:52:12,2019-07-24 18:52:12,1563994332,50.856480702695606,4.308679103823081,0000039D48200BA,314,32.04,N/A
7743,24.07.2019 18:52:21,2019-07-24 18:52:21,1563994341,50.856877669677154,4.309301376314532,0000039D48200BA,314,20.88,N/A
7791,24.07.2019 18:52:25,2019-07-24 18:52:25,1563994345,50.85699568688789,4.309430122347246,0000039D48200BA,315,2.88,N/A
7807,24.07.2019 18:52:52,2019-07-24 18:52:52,1563994372,50.85714589061063,4.309558868379961,0000039D48200BA,316,16.92,N/A
7839,24.07.2019 18:53:04,2019-07-24 18:53:04,1563994384,50.85734973852007,4.310288429232006,0000039D48200BA,317,18.0,N/A
7840,24.07.2019 18:53:18,2019-07-24 18:53:18,1563994398,50.8568347543278,4.311532974214908,0000039D48200BA,317,29.88,N/A
7873,24.07.2019 18:53:33,2019-07-24 18:53:33,1563994413,50.856330498972866,4.3127560615256915,0000039D48200BA,318,16.92,N/A
7902,24.07.2019 18:53:44,2019-07-24 18:53:44,1563994424,50.85603009152738,4.313528537721975,0000039D48200BA,319,24.12,N/A
7903,24.07.2019 18:53:53,2019-07-24 18:53:53,1563994433,50.85578332826858,4.314129352541308,0000039D48200BA,319,6.84,N/A
7928,24.07.2019 18:54:51,2019-07-24 18:54:51,1563994491,50.85565458222051,4.314451217623092,0000039D48200BA,320,9.0,N/A
7929,24.07.2019 18:55:02,2019-07-24 18:55:02,1563994502,50.85553656500978,4.314558505983687,0000039D48200BA,320,5.04,N/A
